title,company_profile,location,link,source,salary,fraudulent
Hiring Hiring Hiring!!! With or without Experience Needed,Gratitude Inc,Manila,https://ph.jobstreet.com/job/88396375?utm_campaign=google_jobs_apply&utm_source=google_jobs_apply&utm_medium=organic,Jobstreet,,0
"Aircraft Mechanic II, MQ-9 (Philippines/Deployable)",Amentum,Manila,https://www.amentumcareers.com/jobs/aircraft-mechanic-ii-mq-9-philippines-deployable-manila-metro-manila-philippines-527b5e5e-ac6d-4d15-8450-b6549e7d3e13?utm_campaign=google_jobs_apply&utm_source=google_jobs_apply&utm_medium=organic,Amentum Careers,,0
Data & Automation Analyst,Symbos,Manila,https://careers.symbos.com.au/jobs/data-automation-analyst-manila-metro-manila-philippines?utm_campaign=google_jobs_apply&utm_source=google_jobs_apply&utm_medium=organic,Symbos Careers,,0
Product Support Specialist,Thomson Reuters,Manila,https://careers.thomsonreuters.com/us/en/job/JREQ195408/Product-Support-Specialist?utm_campaign=google_jobs_apply&utm_source=google_jobs_apply&utm_medium=organic,Thomson Reuters Careers,,0
"Senior Manager, Flights Supply (Manila Based)",Agoda.com,Manila,https://careersatagoda.com/job/7348575-senior-manager-flights-supply-manila-based/?utm_campaign=google_jobs_apply&utm_source=google_jobs_apply&utm_medium=organic,Agoda Careers,,0
Office Staff - Manila,Sundust Bros Corporation,Manila,https://ph.jobrapido.com/jobpreview/2858425205787721728?utm_campaign=google_jobs_apply&utm_source=google_jobs_apply&utm_medium=organic,Jobrapido.com,,0
Systems Administrator Senior,FIS Global,Manila,https://careers.fisglobal.com/us/en/job/FIGLUSJR0302449EXTERNAL/Systems-Administrator-Senior?utm_campaign=google_jobs_apply&utm_source=google_jobs_apply&utm_medium=organic,FIS Global Career,,0
"Associate Manager, Customer Support",Coinbase,Manila,https://www.coinbase.com/careers/positions/7374756?utm_campaign=google_jobs_apply&utm_source=google_jobs_apply&utm_medium=organic,Coinbase,,0
Customer Service Representative - Metro Manila,Japanese Help Desk Inc,Manila,https://ph.indeed.com/viewjob?jk=cb9aa6269db637f0&utm_campaign=google_jobs_apply&utm_source=google_jobs_apply&utm_medium=organic,Indeed Job Search,,0
Faculty - Nihongo (Part-time),LYCEUM OF THE PHILIPPINES UNIVERSITY - Manila,Manila,https://ph.indeed.com/viewjob?jk=4c3bbda6bf6965a4&utm_campaign=google_jobs_apply&utm_source=google_jobs_apply&utm_medium=organic,Indeed Job Search,,0
Messenger,Niu Professional Inc.,Manila,"https://www.glassdoor.com/job-listing/messenger-niu-professional-inc-JV_IC2363570_KO0,9_KE10,30.htm?jl=1009929740961&utm_campaign=google_jobs_apply&utm_source=google_jobs_apply&utm_medium=organic",Glassdoor,,0
"Publicity Manager, Philippines (PR/Communications)",Netflix,Manila,https://explore.jobs.netflix.net/careers/job/790312452217-publicity-manager-philippines-pr-communications--manila-philippines?domain=netflix.com&microsite=netflix.com&utm_campaign=google_jobs_apply&utm_source=google_jobs_apply&utm_medium=organic,Careers At Netflix - Netflix.net,,0
"Lead, Account Management (Manila based)",Agoda.com,Manila,https://careersatagoda.com/job/7114795-lead-account-management-manila-based/?utm_campaign=google_jobs_apply&utm_source=google_jobs_apply&utm_medium=organic,Agoda Careers,,0
Regulatory Affairs Manager,GSK,Manila,https://jobs.gsk.com/en-gb/jobs/430092?utm_campaign=google_jobs_apply&utm_source=google_jobs_apply&utm_medium=organic,GSK Careers Apply,,0
Accounts Receivable Analyst I,Thomson Reuters,Manila,https://careers.thomsonreuters.com/us/en/job/JREQ194516/Accounts-Receivable-Analyst-I?utm_campaign=google_jobs_apply&utm_source=google_jobs_apply&utm_medium=organic,Thomson Reuters Careers,,0
FIELD SALES ASSOCIATE - METRO MANILA,"Sprint Asia Logistics, Inc.",Manila,"https://www.glassdoor.com/job-listing/field-sales-associate-metro-manila-sprint-asia-logistics-inc-JV_IC2363570_KO0,34_KE35,60.htm?jl=1009929503531&utm_campaign=google_jobs_apply&utm_source=google_jobs_apply&utm_medium=organic",Glassdoor,,0
Billing Analyst,Equinix,Manila,https://careers.equinix.com/jobs/billing-analyst-manila-national-capital-region-manila-philippines-390763bb-b034-4234-bddb-2fad88a42add?utm_campaign=google_jobs_apply&utm_source=google_jobs_apply&utm_medium=organic,Equinix Careers,,0
Bilingual Consumer Relations Advisor,Procter & Gamble Philippines,Manila,https://ph.jobstreet.com/job/88399247?utm_campaign=google_jobs_apply&utm_source=google_jobs_apply&utm_medium=organic,Jobstreet,,0
Professional Sales Representative - Manila,BI (Phil.) Inc,Manila,https://ph.indeed.com/viewjob?jk=0def5d5feb33644e&utm_campaign=google_jobs_apply&utm_source=google_jobs_apply&utm_medium=organic,Indeed,,0
Project Manager (For Pooling),Hitachi Careers,Manila,https://careers.hitachi.com/jobs/16313669-project-manager-for-pooling?utm_campaign=google_jobs_apply&utm_source=google_jobs_apply&utm_medium=organic,Hitachi Careers,,0
Customer Service Representative - Silver City,ResultsCX,Pasig,https://careers.resultscx.com/job-detail/customer-service-representative-silver-city-25609555?utm_campaign=google_jobs_apply&utm_source=google_jobs_apply&utm_medium=organic,ResultsCX Careers,,0
Kitchen Staff for Sm Manila,BreadTalk Philippines,Manila,https://ph.jobrapido.com/jobpreview/5212377414994231296?utm_campaign=google_jobs_apply&utm_source=google_jobs_apply&utm_medium=organic,Jobrapido.com,,0
Office Assistant,Suerte Steel Corporation,Manila,"https://www.glassdoor.com/job-listing/office-assistant-suerte-steel-corporation-JV_IC2363570_KO0,16_KE17,41.htm?jl=1009847721973&utm_campaign=google_jobs_apply&utm_source=google_jobs_apply&utm_medium=organic",Glassdoor,,0
Customer Service Representative,Qualfon,Manila,https://jobs.qualfon.com/search/jobdetails/customer-service-representative/48304622-82ad-4d8a-9272-93422d497031?utm_campaign=google_jobs_apply&utm_source=google_jobs_apply&utm_medium=organic,Qualfon,,0
All around staff,Toplis Solutions Inc,Manila,"https://www.glassdoor.com/job-listing/all-around-staff-toplis-solutions-inc-JV_IC2363570_KO0,16_KE17,37.htm?jl=1009865080525&utm_campaign=google_jobs_apply&utm_source=google_jobs_apply&utm_medium=organic",Glassdoor,,0
Technical Support Specialist II - Metro Manila,PartnerHero,Manila,https://www.recruit.net/job/technical-support-specialist-metro-manila-jobs/3AA1D7388D4AC66E?utm_campaign=google_jobs_apply&utm_source=google_jobs_apply&utm_medium=organic,Recruit.net,,0
Talent Coordinator (APAC or EMEA),Netflix,Manila,https://explore.jobs.netflix.net/careers/job/790304693607-talent-coordinator-apac-or-emea--manila-philippines?domain=netflix.com&microsite=netflix.com&utm_campaign=google_jobs_apply&utm_source=google_jobs_apply&utm_medium=organic,Careers At Netflix - Netflix.net,,0
Professional Healthcare Representative (Metro Manila),MSD,Makati City,https://jobs.msd.com/gb/en/job/R369595/Professional-Healthcare-Representative-Metro-Manila?utm_campaign=google_jobs_apply&utm_source=google_jobs_apply&utm_medium=organic,MSD Careers,,0
TRAVEL SALES AGENT/BPO/CALL CENTER IN MANILA THE PHILIPPINES (MANILA) TREVOLUTION,Dyninno,Manila,"https://www.glassdoor.com/job-listing/travel-sales-agent-bpo-call-center-in-manila-the-philippines-manila-trevolution-dyninno-JV_IC2363570_KO0,79_KE80,87.htm?jl=1009663951629&utm_campaign=google_jobs_apply&utm_source=google_jobs_apply&utm_medium=organic",Glassdoor,,0
Production Assistant,Fil-Chi Media Productions Inc. (Chinoy TV),Manila,https://ph.indeed.com/viewjob?jk=467df351b7ca313e&utm_campaign=google_jobs_apply&utm_source=google_jobs_apply&utm_medium=organic,Indeed Job Search,,0
"Cashier - Metro Manila (Pasay, Manila, Caloocan, QC)",Power Mac Center,,https://ph.jobstreet.com/job/88194427?utm_campaign=google_jobs_apply&utm_source=google_jobs_apply&utm_medium=organic,Jobstreet,,0
Professional Healthcare Representative (Metro Manila),MSD,Makati City,https://jobs.msd.com/gb/en/job/R369595/Professional-Healthcare-Representative-Metro-Manila?utm_campaign=google_jobs_apply&utm_source=google_jobs_apply&utm_medium=organic,MSD Careers,,0
Sales Associate SEASONAL ( MALATE MANILA),Anytime Cleaners,,https://ph.indeed.com/viewjob?jk=9ea268fec11163f4&utm_campaign=google_jobs_apply&utm_source=google_jobs_apply&utm_medium=organic,Indeed,,0
Warehouse Inspector,Cotecna Elite Philippines Inc,Manila,"https://www.glassdoor.com/job-listing/warehouse-inspector-cotecna-inspection-JV_IC2363570_KO0,19_KE20,38.htm?jl=1009910460484&utm_campaign=google_jobs_apply&utm_source=google_jobs_apply&utm_medium=organic",Glassdoor,,0
Production Assistant,Fil-Chi Media Productions Inc. (Chinoy TV),Manila,https://ph.indeed.com/viewjob?jk=467df351b7ca313e&utm_campaign=google_jobs_apply&utm_source=google_jobs_apply&utm_medium=organic,Indeed Job Search,,0
Junior Account Manager,Dye & Durham,Manila,"https://www.glassdoor.com/job-listing/junior-account-manager-dye-and-durham-JV_IC2363570_KO0,22_KE23,37.htm?jl=1009906488568&utm_campaign=google_jobs_apply&utm_source=google_jobs_apply&utm_medium=organic",Glassdoor,,0
Customer Care Rep - Voice (Night Shift),Alta Resources (Philippines) Corporation,,https://ph.jobstreet.com/job/88017349?utm_campaign=google_jobs_apply&utm_source=google_jobs_apply&utm_medium=organic,Jobstreet,,0
Workforce Scheduler Manila,Ubiquity,Manila,https://ph.jobrapido.com/jobpreview/3148133669164548096?utm_campaign=google_jobs_apply&utm_source=google_jobs_apply&utm_medium=organic,Jobrapido.com,,0
TRAVEL SALES AGENT/BPO/CALL CENTER IN MANILA THE PHILIPPINES (MANILA) TREVOLUTION,Dyninno,Manila,"https://www.glassdoor.com/job-listing/travel-sales-agent-bpo-call-center-in-manila-the-philippines-manila-trevolution-dyninno-JV_IC2363570_KO0,79_KE80,87.htm?jl=1009663951629&utm_campaign=google_jobs_apply&utm_source=google_jobs_apply&utm_medium=organic",Glassdoor,,0
Store Supervisor - SM Manila,PICTURE! PICTURE! DIGITAL PHOTO SERVICES INC.,Manila,https://ph.indeed.com/viewjob?jk=91ac39ad215c164d&utm_campaign=google_jobs_apply&utm_source=google_jobs_apply&utm_medium=organic,Indeed Job Search,,0
Accounting Admin Assistant - Binondo,Suy Sing Commercial Corporation,Manila,https://ph.indeed.com/viewjob?jk=94f547b8c536c6dd&utm_campaign=google_jobs_apply&utm_source=google_jobs_apply&utm_medium=organic,Indeed Job Search,,0
Marketing Assistant,Manila Business College,Manila,https://ph.indeed.com/viewjob?jk=115603f85229112e&utm_campaign=google_jobs_apply&utm_source=google_jobs_apply&utm_medium=organic,Indeed,,0
Product/Brand Assistant Marketing Manager (appliances),Cherry Philippines,Manila,"https://www.glassdoor.com/job-listing/product-brand-assistant-marketing-manager-appliances-cherry-philippines-JV_IC2363570_KO0,52_KE53,71.htm?jl=1009928201315&utm_campaign=google_jobs_apply&utm_source=google_jobs_apply&utm_medium=organic",Glassdoor,,0
TRAVEL SALES AGENT/CALL CENTER/BPO IN MANILA THE PHILIPPINES (MANILA) TREVOLUTION,Dyninno,Manila,https://ph.indeed.com/viewjob?jk=548b188e6abbb1fe&utm_campaign=google_jobs_apply&utm_source=google_jobs_apply&utm_medium=organic,Indeed,,0
Billing Assistant - Manila,MAXIMUM SOLUTIONS CORPORATION,Manila,"https://www.glassdoor.com/job-listing/billing-assistant-manila-maximum-solutions-corporation-JV_IC2363570_KO0,24_KE25,54.htm?jl=1009880003869&utm_campaign=google_jobs_apply&utm_source=google_jobs_apply&utm_medium=organic",Glassdoor,,0
Facilities Manager (Manila),KMC Mag Group,Manila,https://ph.indeed.com/viewjob?jk=60c64db2ba1399f5&utm_campaign=google_jobs_apply&utm_source=google_jobs_apply&utm_medium=organic,Indeed,,0
Senior Manager Operations,Clarus RCM,Manila,"https://www.glassdoor.com/job-listing/senior-manager-operations-clarus-rcm-JV_IC2363570_KO0,25_KE26,36.htm?jl=1008064376666&utm_campaign=google_jobs_apply&utm_source=google_jobs_apply&utm_medium=organic",Glassdoor,,0
Sales Clerk ( SM Manila),Homeworld Shopping Corporation (SM Home),Manila,https://ph.indeed.com/viewjob?jk=6270a67ec0671e4a&utm_campaign=google_jobs_apply&utm_source=google_jobs_apply&utm_medium=organic,Indeed Job Search,,0
SAP Platform Security Leader Operations and Audit & Compliance,PGBPGNGLOBAL,Manila,https://www.pgcareers.com/mx/en/job/R000132511/SAP-Platform-Security-Leader-Operations-and-Audit-Compliance?utm_campaign=google_jobs_apply&utm_source=google_jobs_apply&utm_medium=organic,P&G Careers,,0
Branch Manager for Manila,Executive Optical Inc.,Manila,https://ph.indeed.com/viewjob?jk=fe50bfd931a4b718&utm_campaign=google_jobs_apply&utm_source=google_jobs_apply&utm_medium=organic,Indeed,,0
"Sous Chef / CDP - ERMITA, MANILA","MKAI Food Specialists, Inc",Manila,"https://www.glassdoor.com/job-listing/sous-chef-cdp-ermita-manila-cdri-JV_IC2363569_KO0,27_KE28,32.htm?jl=1009929318902&utm_campaign=google_jobs_apply&utm_source=google_jobs_apply&utm_medium=organic",Glassdoor,,0
Sales Associate - Laptop Product (Robinsons Manila),Helpro Service Cooperative,Manila,https://ph.indeed.com/viewjob?jk=41456589585afcf9&utm_campaign=google_jobs_apply&utm_source=google_jobs_apply&utm_medium=organic,Indeed,,0
IAM Site Reliability Engineer - Band 2,PGBPGNGLOBAL,Manila,https://www.pgcareers.com/ph/en/job/R000138110/IAM-Site-Reliability-Engineer-Band-2?utm_campaign=google_jobs_apply&utm_source=google_jobs_apply&utm_medium=organic,P&G Careers,,0
Territory Manager,Veeam,Manila,https://careers.veeam.com/job/manila/territory-manager/22681/87994397056?utm_campaign=google_jobs_apply&utm_source=google_jobs_apply&utm_medium=organic,Veeam,,0
Facilities Manager (Manila),KMC Mag Group,Manila,https://ph.indeed.com/viewjob?jk=60c64db2ba1399f5&utm_campaign=google_jobs_apply&utm_source=google_jobs_apply&utm_medium=organic,Indeed,,0
HR Officer (Fully Remote),Mavy Link,Manila,https://www.jobtarget.com/jobs/jt-vm3gqkjrq6/hr-officer-fully-remote-manila?utm_campaign=google_jobs_apply&utm_source=google_jobs_apply&utm_medium=organic,JobTarget,,0
Corporate Governance Data Operations - Japanese Language Specialist,MSCI,Manila,https://careermobility.msci.com/talent/jobs/3400?lang=en-us&utm_campaign=google_jobs_apply&utm_source=google_jobs_apply&utm_medium=organic,MSCI,,0
"Business Sales Manager (North Metro Manila) | Quiapo District, PH",East West Banking Corporation,,https://www.efinancialcareers.com/jobs-Philippines-Quiapo_District-Business_Sales_Manager_North_Metro_Manila.id23274752?utm_campaign=google_jobs_apply&utm_source=google_jobs_apply&utm_medium=organic,EFinancialCareers,,0
PowerBI Developer,UNAVAILABLE,Manila,https://phcareers-stagwellglobal.icims.com/jobs/6399/powerbi-developer/job?utm_campaign=google_jobs_apply&utm_source=google_jobs_apply&utm_medium=organic,"Stagwell Global, LLC - ICIMS",,0
Business Director,Publicis Groupe Holdings B.V,Manila,https://careers.publicisgroupe.com/jobs/91719?lang=en-us&utm_campaign=google_jobs_apply&utm_source=google_jobs_apply&utm_medium=organic,Publicis Groupe Holdings B.V Careers,,0
Reference Data Analyst - Static Data Manila,Alumni Career Site,,https://jpmc.fa.oraclecloud.com/hcmUI/CandidateExperience/en/sites/CX_2001/job/210670842/?utm_medium=jobshare&ref=ux-jobs.ghost.ioutm_medium&utm_source=google&utm_campaign=google_jobs_apply&utm_source=google_jobs_apply&utm_medium=organic,JPMorgan Chase Login,,0
Reference Data Analyst - Static Data Manila,Alumni Career Site,,https://jpmc.fa.oraclecloud.com/hcmUI/CandidateExperience/en/sites/CX_2001/job/210670842/?utm_medium=jobshare&ref=ux-jobs.ghost.ioutm_medium&utm_source=google&utm_campaign=google_jobs_apply&utm_source=google_jobs_apply&utm_medium=organic,JPMorgan Chase Login,,0
"Solution Architect (MERN , CI/CD,Gitlab , confluence )",Amdocs,Manila,https://jobs.amdocs.com/careers/job/563431005035032-solution-architect-mern-ci-cd-gitlab-confluence--manila-philippines?domain=amdocs.com&utm_campaign=google_jobs_apply&utm_source=google_jobs_apply&utm_medium=organic,Amdocs Careers,,0
Account Technology Lead,Cushman & Wakefield,Taguig,https://careers.cushmanwakefield.com/en/jobs/r293995/account-technology-lead/?utm_campaign=google_jobs_apply&utm_source=google_jobs_apply&utm_medium=organic,Cushman & Wakefield Careers,,0
Associate Director / Director | Valuation & Advisory Services,Colliers International,Manila,https://careers.colliers.com/job/associate-director-director-valuation-and-advisory-services-in-manila-philippines-jid-231?utm_campaign=google_jobs_apply&utm_source=google_jobs_apply&utm_medium=organic,Colliers International,,0
Customer Service Associate II - Get Hired Fast,Fis,Malabon,https://grabjobs.co/philippines/job/full-time/customer-service-guest-services/customer-service-associate-ii-get-hired-fast-20276147?utm_campaign=google_jobs_apply&utm_source=google_jobs_apply&utm_medium=organic,GrabJobs,,0
Treasury & AR/AP Analyst,General Motors,Taguig,https://search-careers.gm.com/en/jobs/jr-202519689/treasury-ar-ap-analyst/?utm_campaign=google_jobs_apply&utm_source=google_jobs_apply&utm_medium=organic,General Motors Careers,,0
Sales Support – Metro Manila,Elite Headhunting Incorporated,Manila,https://ph.indeed.com/viewjob?jk=d34887187f6dab08&utm_campaign=google_jobs_apply&utm_source=google_jobs_apply&utm_medium=organic,Indeed,,0
Assistant Security Manager - Conrad Manila,Hilton,Pasay City,https://jobs.hilton.com/latam/zh/job/HOT0BR5S/Assistant-Security-Manager-Conrad-Manila?utm_campaign=google_jobs_apply&utm_source=google_jobs_apply&utm_medium=organic,Jobs.hilton.com,,0
"Associate Customer Success Manager Manila, Manila, Philippines (Hybrid)",Five9 Inc.,Manila,https://ph.jobrapido.com/jobpreview/6741915026157731840?utm_campaign=google_jobs_apply&utm_source=google_jobs_apply&utm_medium=organic,Jobrapido.com,,0
Consumer L&D SME Trainer Lead Analyst,Coinbase,Manila,https://www.coinbase.com/careers/positions/7364521?utm_campaign=google_jobs_apply&utm_source=google_jobs_apply&utm_medium=organic,Coinbase,,0
Live Operations Specialist (Logistics Coordination),Traba,Manila,https://www.talentify.io/job/live-operations-specialist-logistics-coordination-manila-national-capital-region-ph-traba-1-dcdbebae-dc87-4f17-acef-a5d0ac398a7b?utm_campaign=google_jobs_apply&utm_source=google_jobs_apply&utm_medium=organic,Talentify,,0
Senior High School Faculty,Colegio de San Juan de Letran,Manila,https://www.edarabia.com/senior-high-school-faculty-colegio-de-san-juan-de-letran-manila-philippines/?utm_campaign=google_jobs_apply&utm_source=google_jobs_apply&utm_medium=organic,Edarabia,,0
"Named Account Manager, Enterprise (FSI & BPO)",Palo Alto Networks,Makati City,https://jobs.paloaltonetworks.com/en/job/makati-city/named-account-manager-enterprise-fsi-and-bpo/47263/84917922928?utm_campaign=google_jobs_apply&utm_source=google_jobs_apply&utm_medium=organic,Palo Alto Networks,,0
"Software Engineer, iOS Core Product - Manila, Philippines",Speechify,Manila,https://careers.canaan.com/companies/speechify/jobs/56108861-software-engineer-ios-core-product-manila-philippines?utm_campaign=google_jobs_apply&utm_source=google_jobs_apply&utm_medium=organic,Canaan Partners Job Board,,0
Intercompany Accountant,Merck Business Solutions Asia Inc.,,https://careers.merckgroup.com/global/en/job/291795/Intercompany-Accountant?utm_campaign=google_jobs_apply&utm_source=google_jobs_apply&utm_medium=organic,Careers | Merck,,0
International Consumer Banking - Account Supervisor Daily Banking Manila,JPMorganChase,Taguig,https://jobs.alpfa.org/job/international-consumer-banking-account-supervisor-daily-banking-manila/81100112/?utm_campaign=google_jobs_apply&utm_source=google_jobs_apply&utm_medium=organic,ALPFA Job Board,,0
Social Media Content Creator & Editor - Manila,Confidential,Manila,https://ph.expertini.com/jobs/job/social-media-content-creator-editor-manila-manila-confidential-649-2496203/?utm_campaign=google_jobs_apply&utm_source=google_jobs_apply&utm_medium=organic,Expertini,,0
Enterprise Account Manager (Manila),Snappr,,https://jobs.airtree.vc/companies/snappr-2/jobs/61247238-enterprise-account-manager-manila?utm_campaign=google_jobs_apply&utm_source=google_jobs_apply&utm_medium=organic,Airtree Job Board,,0
Customer Service Representative,Wells Fargo,Taguig,https://www.wellsfargojobs.com/en/jobs/r-488663/customer-service-representative/?utm_campaign=google_jobs_apply&utm_source=google_jobs_apply&utm_medium=organic,Wells Fargo,,0
Cook - Metro Manila,jollibeefo,Parañaque,https://careers.jollibeegroup.com/job/Paranaque-Cook-Metro-Manila/47202244/?utm_campaign=google_jobs_apply&utm_source=google_jobs_apply&utm_medium=organic,Jollibee Foods Corporation,,0
Associate Business Development Representative,Thomson Reuters,Manila,https://powertofly.com/jobs/detail/2438589?utm_campaign=google_jobs_apply&utm_source=google_jobs_apply&utm_medium=organic,PowerToFly,,0
TRAINER,Qualfon,Manila,https://jobs.qualfon.com/search/jobdetails/trainer/59d82dac-5e01-4527-bf78-b5f4df01659a?utm_campaign=google_jobs_apply&utm_source=google_jobs_apply&utm_medium=organic,Qualfon,,0
Marketing Assistant-Pool (Manila 2 Area),BDO Unibank,Manila,https://www.careers.bdo.com.ph/job/Manila-City-Marketing-Assistant-Pool-%28Manila-2-Area%29-Nati/1064022466/?utm_campaign=google_jobs_apply&utm_source=google_jobs_apply&utm_medium=organic,BDO Careers,,0
Scrum Master III,Global Payments,Quezon City,https://jobs.globalpayments.com/en/jobs/r0067487/scrum-master-iii/?utm_campaign=google_jobs_apply&utm_source=google_jobs_apply&utm_medium=organic,Global Payments Careers,,0
Call Center Operations Manager I,MCI Careers,Pasig,https://careers-mci.icims.com/jobs/46978/call-center-operations-manager-i/job?utm_campaign=google_jobs_apply&utm_source=google_jobs_apply&utm_medium=organic,Careers | MCI,,0
"Store Manager (Kenangan Coffee - Dapitan, Manila)",Fredley Group of Companies,Manila,https://ph.indeed.com/viewjob?jk=4f15ea26ce16c333&utm_campaign=google_jobs_apply&utm_source=google_jobs_apply&utm_medium=organic,Indeed Job Search,,0
Project Coordinator - Website Production,Tribute Technology,Manila,https://recruit.hirebridge.com/v3/CareerCenter/v2/details.aspx?cid=8268&jid=606118&bid=1&joblocvalue=1014&utm_campaign=google_jobs_apply&utm_source=google_jobs_apply&utm_medium=organic,Recruit.hirebridge.com,,0
Territory Recruitment Champion (Metro Manila),Confidential,Manila,https://ph.jobrapido.com/jobpreview/2525893100971229184?utm_campaign=google_jobs_apply&utm_source=google_jobs_apply&utm_medium=organic,Jobrapido.com,,0
Manual QA Specialist- Metro Manila ( Philippines ),Tech Firefly,Taguig,https://builtin.com/job/manual-qa-specialist-metro-manila-philippines/7359853?utm_campaign=google_jobs_apply&utm_source=google_jobs_apply&utm_medium=organic,Built In,,0
Intern - Professional (Marketing),{{data:job.brand_name}},Makati City,https://careers.fedex.com/intern-professional-marketing/job/4037D7C95F6C11BABF747F49AC0D7811?utm_campaign=google_jobs_apply&utm_source=google_jobs_apply&utm_medium=organic,FedEx Careers,,0
